placa,phone,periodo,co_id,anio,tipo_phone,registro,nombre_base,fecha_asignacion,genero,nombre,segundo_nombre,apellido,segundo_apellido,nombre_completo,fecha_nacimiento,email,cod_departamento,departamento,cod_municipio,municipio,direccion,modelo,linea,motor,chasis,cod_fasecolda,marca,marca_y_linea,clase_vehiculo,servicio,aseguradora_actual,fecha_fin_vigencia_actual,tasa,suma_asegurada,no_temporario_plus,prima_temporario_plus,prima_temporario_sin_iva_plus,no_temporario_tradicional,prima_tradicional,prima_tradicional_sin_iva,no_temporario_vip,prima_temporario_vip,prima_temporario_vip_sin_iva,no_temporario_nuevo_vip,prima_nueva_vip,prima_nueva_vip_sin_iva,no_temporario_esencial,prima_temporario_esencial,prima_temporario_esencial_sin_iva,no_temporario_nuevo_esencial,prima_nueva_esencial,prima_nueva_esencial_sin_iva,grupos_1_y_2,segmentacion_grupo_1_y_2_final,periodo_vig,upload_date,vicidial_calls,fecha_ultima_gestion,tipo_ultima_gestion,tipificacion_ultima_gestion,fecha_mejor_gestion,tipo_mejor_gestion,tipificacion_mejor_gestion,prioridad,excluir,fecha_ultima_gestion_soul,tipificacion_ultima_gestion_soul,fecha_mejor_gestion_soul,tipificacion_mejor_gestion_soul,exclusiones_general,exclusion_total
PIR958,3206769009,202510,32017481,2025,telefono1,32017481,Base Falabella Octubre 2025,2025-09-24 00:00:00,F,MARGARITA,0,PINEDA,GOMEZ,MARGARITA 0 PINEDA GOMEZ,1957-07-19,m.pineda@verticeing.com,5,ANTIOQUIA,5001,MEDELLIN,-,2025,SEALION 7 EV AT 390KW 4X4 CT,YS210XYA2E4059131,LGXCF4CD9S2009582,11106021,BYD,BYD SEALION,CAMIONETAPASAJ,PARTICULAR,BOLIVAR,2025-10-04,0.02552189,200000000,161797971,5104378,4269393.1,-,-,-,-,-,-,-,-,-,-,-,-,-,-,-,,,202510,2025-09-29 07:12:59,,,,,,,,NORMAL,,,,,,0,0
NUZ910,3115179795,202510,39783435,2025,telefono1,39783435,Base Falabella Octubre 2025,2025-09-24 00:00:00,F,LUZ,HERLINDA,RIVERA,URBINA,LUZ HERLINDA RIVERA URBINA,1967-08-23,0,25,BOGOTA,0,BOGOTA,-,2024,SWIFT [4] HYBRID MT 1200CC 5P 6A,K12C5841375,JS2ZC53S5R6405604,8801057,SUZUKI,SUZUKI SWIFT,AUTOMOVIL,PARTICULAR,ALLIANZ,2025-10-05,0.03025395588235294,68000000,161806404,2057269,1708797.32,-,-,-,-,-,-,-,-,-,-,-,-,-,-,-,,,202510,2025-09-29 07:12:59,,,,,,,,NORMAL,,,,,,0,0
NPY567,3134407600,202510,4263604,2025,telefono1,4263604,Base Falabella Octubre 2025,2025-09-24 00:00:00,M,JOSE,EZEQUIEL,BOHORQUEZ,ALFONSO,JOSE EZEQUIEL BOHORQUEZ ALFONSO,1964-01-02,josezequiel.3012@hotmail.com,25,BOGOTA,0,BOGOTA,-,2024,S-CROSS [2] GLX ALL GRIP TP 1400CC T 6AB,K14C1419451,TSMYBA2S7RMB56533,8806028,SUZUKI,SUZUKI S-CROSS,CAMIONETAPASAJ,PARTICULAR,MAPFRE,2025-10-05,0.0263987306501548,96900000,161908879,2558037,2129611.32,-,-,-,-,-,-,-,-,-,-,-,-,-,-,-,,,202510,2025-09-29 07:12:59,,,,,,,,NORMAL,,,,,,0,0
MUY190,3163408580,202510,42083538,2025,telefono1,42083538,Base Falabella Octubre 2025,2025-09-24 00:00:00,F,MARTHA,LUCIA,PALMA,MUÃ‘OZ,MARTHA LUCIA PALMA MUÃ‘OZ,1966-11-23,tormenta-1@hotmail.com,66,RISARALDA,66682,SANTA ROSA DE CABAL,-,2014,LOGAN F.II EXPRESSION MT 1600CC AA,F710Q144722,9FBLSRADBEM855832,8001136,RENAULT,RENAULT LOGAN,AUTOMOVIL,PARTICULAR,HDI SEGUROS,2025-10-05,0.04835195652173913,27600000,161908120,1334514,1101439.95,-,-,-,-,-,-,-,-,-,-,-,-,-,-,-,,,202510,2025-09-29 07:12:59,,,,,,,,NORMAL,,,,,,0,0
MWP082,3204334081,202510,28797032,2025,telefono1,28797032,Base Falabella Octubre 2025,2025-09-24 00:00:00,F,EDNA,JANETH,GARCIA,ZAMORA,EDNA JANETH GARCIA ZAMORA,1970-09-27,0,17,CALDAS,17001,MANIZALES,-,2014,TRACKER LS TP 1800CC,CEL119037,3GNCJ8CE0EL119037,1606223,CHEVROLET,CHEVROLET TRACKER,CAMIONETAPASAJ,PARTICULAR,MAPFRE,2025-10-05,0.033586781914893615,37600000,161903284,1262863,1041229.15,-,-,-,-,-,-,-,-,-,-,-,-,-,-,-,,,202510,2025-09-29 07:12:59,,,,,,,,NORMAL,,,,,,0,0
NIO768,3144744658,202510,52461005,2025,telefono1,52461005,Base Falabella Octubre 2025,2025-09-24 00:00:00,F,LUZ,MILEYDI,ROMAN,ARCILA,LUZ MILEYDI ROMAN ARCILA,1980-10-28,mileydyroman2@gmail.com,25,BOGOTA,0,BOGOTA,-,2024,IDOLPHIN 400 GS AT 45KW 6AB ABS,TZ180XSF1W2021599,LC0CE4CCXR0000957,11101029,BYD,BYD IDOLPHIN,AUTOMOVIL,PARTICULAR,MAPFRE,2025-10-06,0.024556095652173912,115000000,161819106,2823951,2353068.38,-,-,-,-,-,-,-,-,-,-,-,-,-,-,-,,,202510,2025-09-29 07:12:59,,,,,,,,NORMAL,,,,,,0,0
LRS226,3142972302,202510,79283970,2025,telefono1,79283970,Base Falabella Octubre 2025,2025-09-24 00:00:00,M,WALTER,EDUARDO,RODRIGUEZ,AYA,WALTER EDUARDO RODRIGUEZ AYA,1963-09-09,superoccidente@yahoo.es,5,ANTIOQUIA,5001,MEDELLIN,-,2023,CAPTIVA [2] PREMIER TURBO TP 1500CC T 4X2,LJO18N81320363,LZWADAGA6PB041130,1606245,CHEVROLET,CHEVROLET CAPTIVA,CAMIONETAPASAJ,PARTICULAR,HDI-LIBERTY,2025-10-06,0.023833458475540387,87900000,161802302,2094961,1740471.19,-,-,-,-,-,-,-,-,-,-,-,-,-,-,-,,,202510,2025-09-29 07:12:59,,,,,,,,NORMAL,,,,,,0,0
LRV275,3165221252,202510,71615305,2025,telefono1,71615305,Base Falabella Octubre 2025,2025-09-24 00:00:00,M,GUSTAVO,ADOLFO,TRUJILLO,RAMIREZ,GUSTAVO ADOLFO TRUJILLO RAMIREZ,1962-05-01,gustavotrujillor@gmail.com,5,ANTIOQUIA,5001,MEDELLIN,-,2023,COROLLA [12] [F SE-G HYBRID TP 1800CC 7AB A,2ZR2R54553,9BRBZ3BE2P4038561,9001146,TOYOTA,TOYOTA COROLLA,AUTOMOVIL,PARTICULAR,MAPFRE,2025-10-06,0.025238952879581153,114600000,161916694,2892384,2410575,-,-,-,-,-,-,-,-,-,-,-,-,-,-,-,,,202510,2025-09-29 07:12:59,,,,,,,,NORMAL,,,,,,0,0
LRV335,3128355951,202510,43042474,2025,telefono1,43042474,Base Falabella Octubre 2025,2025-09-24 00:00:00,F,MARIA,ELENA,GOMEZ,MONTOYA,MARIA ELENA GOMEZ MONTOYA,1962-01-11,marelego2@gmail.com,5,ANTIOQUIA,5001,MEDELLIN,-,2023,BALENO GL AT 1400CC 5P 2A,K15BN4293173,MBHWBA3S8PG205651,8801042,SUZUKI,SUZUKI BALENO,AUTOMOVIL,PARTICULAR,HDI-LIBERTY,2025-10-06,0.04225896602658789,67700000,161918527,2860932,2384144.61,-,-,-,-,-,-,-,-,-,-,-,-,-,-,-,,,202510,2025-09-29 07:12:59,,,,,,,,NORMAL,,,,,,0,0
MPX712,3112881419,202510,79406833,2025,telefono1,79406833,Base Falabella Octubre 2025,2025-09-24 00:00:00,M,JOSE,DANIEL,CHITIVA,VARGAS,JOSE DANIEL CHITIVA VARGAS,1967-04-28,arqchitiva@gamil.com,25,BOGOTA,0,BOGOTA,-,2013,AVEO EMOTION 1.6L MT 1600CC AA 2A,F16D31829532,9GATJ5869DB016010,1601203,CHEVROLET,CHEVROLET AVEO,AUTOMOVIL,PARTICULAR,MAPFRE,2025-10-06,0.045983553113553115,27300000,161906974,1255351,1034916.46,-,-,-,-,-,-,-,-,-,-,-,-,-,-,-,,,202510,2025-09-29 07:12:59,,,,,,,,NORMAL,,,,,,0,0
MVN625,3124621453,202510,37860979,2025,telefono1,37860979,Base Falabella Octubre 2025,2025-09-24 00:00:00,F,ANGIE,LEIDY,ARANDA,CIPRIAN,ANGIE LEIDY ARANDA CIPRIAN,1981-06-29,angie.aranda@yahoo.es,68,SANTANDER,68001,BUCARAMANGA,-,2017,JIMNY JLX MT 1300CC 3P,M13A2429242,JS3JB43V7H4102589,8808019,SUZUKI,SUZUKI JIMNY,CAMPERO,PARTICULAR,BOLIVAR,2026-10-06,0.043562298136645965,48300000,161833836,2104059,1748116.94,-,-,-,-,-,-,-,-,-,-,-,-,-,-,-,,,202610,2025-09-29 07:12:59,,,,,,,,NORMAL,,,,,,0,0
MWP251,3054494173,202510,65739877,2025,telefono1,65739877,Base Falabella Octubre 2025,2025-09-24 00:00:00,F,YANETH,0,CORTES,0,YANETH 0 CORTES 0,1968-11-15,0,73,TOLIMA,0,IBAGUE,-,2014,PICANTO ION XTR 1.25 AT 1200CC AA,G4LADP064887,KNABX512BET596490,4601139,KIA,KIA PICANTO,AUTOMOVIL,PARTICULAR,HDI-LIBERTY,2025-10-06,0.04580266447368421,30400000,161860260,1392401,1150085.28,-,-,-,-,-,-,-,-,-,-,-,-,-,-,-,,,202510,2025-09-29 07:12:59,,,,,,,,NORMAL,,,,,,0,0
LRO645,3168762887,202510,71786636,2025,telefono1,71786636,Base Falabella Octubre 2025,2025-09-24 00:00:00,M,CAMILO,0,RESTREPO,OCHOA,CAMILO 0 RESTREPO OCHOA,1976-08-16,0,5,ANTIOQUIA,5001,MEDELLIN,-,2022,VOYAGE COMFORTLINE TP 1600CC 16V 2,CWS569209,9BWDL45U3NT127879,9201276,VOLKSWAGEN,VOLKSWAGEN VOYAGE,AUTOMOVIL,PARTICULAR,MAPFRE,2025-10-06,0.03928614065180103,58300000,161774869,2290382,1904691.01,-,-,-,-,-,-,-,-,-,-,-,-,-,-,-,,,202510,2025-09-29 07:12:59,,,,,,,,NORMAL,,,,,,0,0
NLZ383,3212643797,202510,1013603177,2025,telefono1,1013603177,Base Falabella Octubre 2025,2025-09-24 00:00:00,M,OCTAVIO,AUGUSTO,GARCIA,CAÃ‘ON,OCTAVIO AUGUSTO GARCIA CAÃ‘ON,1989-03-17,OCTAVIOGARCIA19899@GMAIL.COM,25,BOGOTA,0,BOGOTA,-,2023,VIRTUS TRENDLINE MT 1600CC 4AB A,CWS154365,9BWDL5BZXPP001889,9201253,VOLKSWAGEN,VOLKSWAGEN VIRTUS,AUTOMOVIL,PARTICULAR,BOLIVAR,2026-10-06,0.03942023217247098,60300000,161808244,2377040,1977512.68,-,-,-,-,-,-,-,-,-,-,-,-,-,-,-,,,202610,2025-09-29 07:12:59,,,,,,,,NORMAL,,,,,,0,0
UBV267,3153679934,202510,80421567,2025,telefono1,80421567,Base Falabella Octubre 2025,2025-09-24 00:00:00,M,CARLOS,ARTURO,RAMIREZ,PAREJA,CARLOS ARTURO RAMIREZ PAREJA,1971-06-02,cartup1@gmail.com,25,BOGOTA,0,BOGOTA,-,2015,CLIO II CAMPUS MT 1200CC 16V A,G728Q193265,9FBBB8305FM523428,8001160,RENAULT,RENAULT CLIO,AUTOMOVIL,PARTICULAR,MAPFRE,2026-10-06,0.04536771428571429,28000000,161890355,1270296,1047475.39,-,-,-,-,-,-,-,-,-,-,-,-,-,-,-,,,202610,2025-09-29 07:12:59,,,,,,,,NORMAL,,,,,,0,0
UCS670,3203710261,202510,41708620,2025,telefono1,41708620,Base Falabella Octubre 2025,2025-09-24 00:00:00,F,RUTH,MARIA,RODRIGUEZ,VELA,RUTH MARIA RODRIGUEZ VELA,1958-02-03,ruthmariarodriguez@gmail.com,25,BOGOTA,0,BOGOTA,-,2015,B 180 [W246] BlueEffi TP 1600CC T,27091030503527,WDD2462421J288166,5801284,MERCEDES BENZ,MERCEDES BENZ B,AUTOMOVIL,PARTICULAR,ALLIANZ,2025-10-06,0.03995334661354582,50200000,161916042,2005658,1665426.63,-,-,-,-,-,-,-,-,-,-,-,-,-,-,-,,,202510,2025-09-29 07:12:59,,,,,,,,NORMAL,,,,,,0,0
USU759,3116457269,202510,71692333,2025,telefono1,71692333,Base Falabella Octubre 2025,2025-09-24 00:00:00,M,FELIPE,FRANC,ORTEGA,ESCOVAR,FELIPE FRANC ORTEGA ESCOVAR,1967-08-04,felipe.ortegae@gmail.com,5,ANTIOQUIA,5001,MEDELLIN,-,2016,DUSTER DYNAMIQUE MT 2000CC 4X4,A400C117398,9FBHSRAJNGM842366,8008006,RENAULT,RENAULT DUSTER,CAMPERO,PARTICULAR,SURAMERICANA,2025-10-06,0.031082838983050847,47200000,161812636,1467110,1212865.82,-,-,-,-,-,-,-,-,-,-,-,-,-,-,-,,,202510,2025-09-29 07:12:59,,,,,,,,NORMAL,,,,,,0,0
ZYT526,3133121298,202510,13566599,2025,telefono1,13566599,Base Falabella Octubre 2025,2025-09-24 00:00:00,M,WILLIAN,ADOLFO,MENESES,HERNANDEZ,WILLIAN ADOLFO MENESES HERNANDEZ,1983-03-17,Willian_1730@outlook.com,68,SANTANDER,68081,BARRANCABERMEJA,-,2015,520i F10 TP 2000CC,C1080805,WBA5A3109FD010382,801311,BMW,BMW 520i,AUTOMOVIL,PARTICULAR,SBS,2025-10-06,0.04877410428015564,77100000,29946459,3760483.44,3140070.12,-,-,-,30056037,2170467.93,1803922.63,-,-,-,-,-,-,-,-,-,,,202510,2025-09-29 07:12:59,,,,,,,,NORMAL,,,,,,0,0
LEX609,3113245859,202510,25364034,2025,telefono1,25364034,Base Falabella Octubre 2025,2025-09-24 00:00:00,F,JANETH,0,FAJARDO,ROMERO,JANETH 0 FAJARDO ROMERO,1963-07-27,janethfaro@live.com,76,VALLE DEL CAUCA,76001,CALI,-,2023,COROLLA [12] [F SE-G TP 2000CC 7AB A,M20AAB47107,9BRB43BE1P2103068,9001144,TOYOTA,TOYOTA COROLLA,AUTOMOVIL,PARTICULAR,HDI-LIBERTY,2025-10-06,0.04345187187187187,99900000,161912779,4340842,3627766.04,-,-,-,-,-,-,-,-,-,-,-,-,-,-,-,,,202510,2025-09-29 07:12:59,,,,,,,,NORMAL,,,,,,0,0
JYU005,3188311532,202510,43877778,2025,telefono1,43877778,Base Falabella Octubre 2025,2025-09-24 00:00:00,F,PAULA,ANDREA,RICO,CARDONA,PAULA ANDREA RICO CARDONA,1982-04-09,paulitarico21@hotmail.con,5,ANTIOQUIA,5266,ENVIGADO,-,2022,COROLLA CROSS SE-G HYBRID TP 1800CC 7AB 4,2ZR2L93456,9BRKZAAG5N0604563,9006179,TOYOTA,TOYOTA COROLLA,CAMIONETAPASAJ,PARTICULAR,SURAMERICANA,2025-10-06,0.020130881590319793,115700000,161814347,2329143,1937263.42,-,-,-,-,-,-,-,-,-,-,-,-,-,-,-,,,202510,2025-09-29 07:12:59,,,,,,,,NORMAL,,,,,,0,0
KDU155,3155796307,202510,34549512,2025,telefono1,34549512,Base Falabella Octubre 2025,2025-09-24 00:00:00,F,ROSANIA,DEL SOCORRO,GUTIERREZ,VIDAL,ROSANIA DEL SOCORRO GUTIERREZ VIDAL,1967-12-11,0,19,CAUCA,0,POPAYAN,-,2011,CAPTIVA SPORT AT 3000CC 5P,CBS572915,3GNFL7EY8BS572915,1608052,CHEVROLET,CHEVROLET CAPTIVA,CAMPERO,PARTICULAR,PREVISORA,2025-10-06,0.03734378151260504,35700000,161865104,1333173,1100313.06,-,-,-,-,-,-,-,-,-,-,-,-,-,-,-,,,202510,2025-09-29 07:12:59,,,,,,,,NORMAL,,,,,,0,0
KOQ336,3005959812,202510,1037594021,2025,telefono1,1037594021,Base Falabella Octubre 2025,2025-09-24 00:00:00,M,ALEJANDRO,0,TRUJILLO,GONZALEZ,ALEJANDRO 0 TRUJILLO GONZALEZ,1988-08-23,atalejandrotrujillo@gmail.com,5,ANTIOQUIA,5266,ENVIGADO,-,2022,ACCENT [6] ADVANCE TP 1600CC 4P 2A,G4FGMU027844,9BHCP41CBNP222295,3201382,HYUNDAI,HYUNDAI ACCENT,AUTOMOVIL,PARTICULAR,SURAMERICANA,2025-10-06,0.040384115805946794,63900000,161813488,2580545,2148524.94,-,-,-,-,-,-,-,-,-,-,-,-,-,-,-,,,202510,2025-09-29 07:12:59,,,,,,,,NORMAL,,,,,,0,0
KOX007,3102951195,202510,1033703431,2025,telefono1,1033703431,Base Falabella Octubre 2025,2025-09-24 00:00:00,M,JUAN,MANUEL,CASTELLANOS,OVALLE,JUAN MANUEL CASTELLANOS OVALLE,1988-11-25,juanmanuelcastellanosjmc@hotmail.com,25,BOGOTA,0,BOGOTA,-,2022,SENTRA B18 SENSE TP 2000CC 6AB A,MR20308021J,3N1AB8AE9ZY601761,6401254,NISSAN,NISSAN SENTRA,AUTOMOVIL,PARTICULAR,MAPFRE,2025-10-06,0.031744913678618855,75300000,161804430,2390392,1988732.43,-,-,-,-,-,-,-,-,-,-,-,-,-,-,-,,,202510,2025-09-29 07:12:59,,,,,,,,NORMAL,,,,,,0,0
KPV244,3217184888,202510,8033403,2025,telefono1,8033403,Base Falabella Octubre 2025,2025-09-24 00:00:00,M,NICOLAS,ESTEBAN,GARCIA,OCAMPO,NICOLAS ESTEBAN GARCIA OCAMPO,1985-12-13,nikog182@gmail.com,5,ANTIOQUIA,5266,ENVIGADO,-,2022,COROLLA CROSS SE-G HYBRID TP 1800CC 7AB 4,2ZR2M72017,9BRKZAAG1N0611817,9006179,TOYOTA,TOYOTA COROLLA,CAMIONETAPASAJ,PARTICULAR,MAPFRE,2025-10-06,0.03258477960242005,115700000,161814720,3770059,3148117.19,-,-,-,-,-,-,-,-,-,-,-,-,-,-,-,,,202510,2025-09-29 07:12:59,,,,,,,,NORMAL,,,,,,0,0
KQP184,3112572482,202510,1026297113,2025,telefono1,1026297113,Base Falabella Octubre 2025,2025-09-24 00:00:00,M,FREDDY,ALEXANDER,ESGUERRA,AVILA,FREDDY ALEXANDER ESGUERRA AVILA,1996-09-29,freddy_esguerra@hotmail.com,25,BOGOTA,0,BOGOTA,-,2022,PICANTO [3] [FL X-LINE MT 1250 CC 2AB,G4LALP004135,KNAB3512ANT858253,4601299,KIA,KIA PICANTO,AUTOMOVIL,PARTICULAR,SBS,2025-10-06,0.04057028,50000000,161843528,2028514,1684633.99,-,-,-,-,-,-,-,-,-,-,-,-,-,-,-,,,202510,2025-09-29 07:12:59,,,,,,,,NORMAL,,,,,,0,0
KQS798,3014520181,202510,72358267,2025,telefono1,72358267,Base Falabella Octubre 2025,2025-09-24 00:00:00,M,RAFAEL,ALBERTO,HASSELBRINCK,ANDRADE,RAFAEL ALBERTO HASSELBRINCK ANDRADE,1985-11-06,rafa685@hotmail.com,8,ATLANTICO,0,BARRANQUILLA,-,2022,VIRTUS COMFORTLINE TP 1600CC 4AB ABS R1,CWS131626,9BWDL5BZ2NP018893,9201256,VOLKSWAGEN,VOLKSWAGEN VIRTUS,AUTOMOVIL,PARTICULAR,PREVISORA,2025-10-06,0.037560511,70000000,29957947,2629235.77,2189441.82,-,-,-,30042339,2153779.62,1789898.84,-,-,-,-,-,-,-,-,-,,,202510,2025-09-29 07:12:59,,,,,,,,NORMAL,,,,,,0,0
KSY801,3208536905,202510,1095914491,2025,telefono1,1095914491,Base Falabella Octubre 2025,2025-09-24 00:00:00,M,CAMILO,ANDRES,GUALDRON,BASTILLA,CAMILO ANDRES GUALDRON BASTILLA,1988-08-24,camilogualdron1@gmail.com,68,SANTANDER,0,GIRON,-,2023,ONIX [2] RS MT 1000CC 5P T,L4F221784227,9BGED48K0PG154215,1601339,CHEVROLET,CHEVROLET ONIX,AUTOMOVIL,PARTICULAR,MAPFRE,2025-10-06,0.03466901453957997,61900000,161828727,2146012,1783371.75,-,-,-,-,-,-,-,-,-,-,-,-,-,-,-,,,202510,2025-09-29 07:12:59,,,,,,,,NORMAL,,,,,,0,0
JXW431,3017312593,202510,1129524989,2025,telefono1,1129524989,Base Falabella Octubre 2025,2025-09-24 00:00:00,M,LUIS,GABRIEL,BELTRAN,CANTILLO,LUIS GABRIEL BELTRAN CANTILLO,1986-02-05,luisgbel@gmail.com,8,ATLANTICO,0,BARRANQUILLA,-,2022,MARCH [FL] [2] SENSE MT 1600CC 6AB A,HR16458459U,3N1CK3CE1ZL412589,6401255,NISSAN,NISSAN MARCH,AUTOMOVIL,PARTICULAR,PREVISORA,2026-10-06,0.047225499058380416,53100000,161811117,2507674,2087289.46,-,-,-,-,-,-,-,-,-,-,-,-,-,-,-,,,202610,2025-09-29 07:12:59,,,,,,,,NORMAL,,,,,,0,0
LFZ457,3162330676,202510,13435869,2025,telefono1,13435869,Base Falabella Octubre 2025,2025-09-24 00:00:00,M,JUAN,JOSE,PANTALEON,ALBARRACIN,JUAN JOSE PANTALEON ALBARRACIN,1955-08-20,j.j.pantaleon@hotmail.com,54,NORTE DE SANTANDER,0,CUCUTA,-,2023,ACCENT HB20S [FL] ADVANCE MT 1600CC ABS,G4FGMU153735,9BHCP41CAPP307664,3201404,HYUNDAI,HYUNDAI ACCENT,AUTOMOVIL,PARTICULAR,MAPFRE,2025-10-06,0.049311648312611006,56300000,29955897,2776245.8,2312979.66,29983335,3057119.48,2549007.97,-,-,-,-,-,-,-,-,-,-,-,-,,,202510,2025-09-29 07:12:59,,,,,,,,NORMAL,,,,,,0,0
LKM805,3115224269,202510,33365748,2025,telefono1,33365748,Base Falabella Octubre 2025,2025-09-24 00:00:00,F,YUDI,EMILSEN,JEREZ,SIERRA,YUDI EMILSEN JEREZ SIERRA,1981-01-26,yudijcg@yahoo.es,15,BOYACA,15001,TUNJA,-,2023,KWID [FL] INTENS MT 1000CC 12V 4AB AB,B4DA426Q014271,93YRBB00XPJ368624,8001215,RENAULT,RENAULT KWID,AUTOMOVIL,PARTICULAR,MAPFRE,2025-10-06,0.038243002102803736,42800000,29972681,1636800.49,1355462.6,30012471,1516593.89,1254448.65,-,-,-,-,-,-,-,-,-,-,-,-,,,202510,2025-09-29 07:12:59,,,,,,,,NORMAL,,,,,,0,0
LLK155,3162503274,202510,94457499,2025,telefono1,94457499,Base Falabella Octubre 2025,2025-09-24 00:00:00,M,JOHN,JAIRO,PEÃ‘A,ROJAS,JOHN JAIRO PEÃ‘A ROJAS,1975-12-04,john.pena4@gmail.com,76,VALLE DEL CAUCA,76001,CALI,-,2023,VERSA [2] EXCLUSIVE AT 1600CC TC RI,HR16599952V,3N1CN8AE0ZL113487,6401244,NISSAN,NISSAN VERSA,AUTOMOVIL,PARTICULAR,ALLIANZ,2025-10-06,0.038725864361702125,75200000,161773619,2912185,2427214.68,-,-,-,-,-,-,-,-,-,-,-,-,-,-,-,,,202510,2025-09-29 07:12:59,,,,,,,,NORMAL,,,,,,0,0
LMT216,3193765363,202510,1013648575,2025,telefono1,1013648575,Base Falabella Octubre 2025,2025-09-24 00:00:00,F,LAURA,ANGELICA,CADENA,CONTRERAS,LAURA ANGELICA CADENA CONTRERAS,1994-04-12,lacadenacontreras@gmail.com,25,BOGOTA,0,BOGOTA,-,2023,CX30 GRAND TOURING/ TP 2000CC 7AB R,PE40752214,3MVDM2W7APL205469,5606111,MAZDA,MAZDA CX30,CAMIONETAPASAJ,PARTICULAR,ALLIANZ,2025-10-06,0.020761783333333332,120000000,161807330,2491414,2073625.5,-,-,-,-,-,-,-,-,-,-,-,-,-,-,-,,,202510,2025-09-29 07:12:59,,,,,,,,NORMAL,,,,,,0,0
LOX659,3124955122,202510,53092637,2025,telefono1,53092637,Base Falabella Octubre 2025,2025-09-24 00:00:00,F,ANYI,LORENA,CORTES,OVALLE,ANYI LORENA CORTES OVALLE,1985-02-19,0,25,BOGOTA,0,BOGOTA,-,2023,3 [4] TOURING MHEV TP 2000CC 7AB,PE40761776,3MZBP2S7APM201447,5601201,MAZDA,MAZDA 3,AUTOMOVIL,PARTICULAR,ALLIANZ,2025-10-06,0.025267935349322212,95900000,161815246,2423195,2016298.14,-,-,-,-,-,-,-,-,-,-,-,-,-,-,-,,,202510,2025-09-29 07:12:59,,,,,,,,NORMAL,,,,,,0,0
LPQ597,3505038784,202510,1014210542,2025,telefono1,1014210542,Base Falabella Octubre 2025,2025-09-24 00:00:00,F,IVONNE,NATALIA,BARRIOS,ROLDAN,IVONNE NATALIA BARRIOS ROLDAN,1989-08-23,codykarba@hotmail.com,25,CUNDINAMARCA,25430,MADRID,-,2023,KWID [FL] ICONIC MT 1000CC 12V 4,B4DA426Q014253,93YRBB000PJ368275,8001216,RENAULT,RENAULT KWID,AUTOMOVIL,PARTICULAR,MAPFRE,2025-10-06,0.032542224824355974,42700000,161900176,1389553,1147691.6,-,-,-,-,-,-,-,-,-,-,-,-,-,-,-,,,202510,2025-09-29 07:12:59,,,,,,,,NORMAL,,,,,,0,0
LQY914,3132592667,202510,79912848,2025,telefono1,79912848,Base Falabella Octubre 2025,2025-09-24 00:00:00,M,ALEXANDER,0,BARON,ORTIZ,ALEXANDER 0 BARON ORTIZ,1978-06-23,callarin@hotmail.com,85,CASANARE,85001,YOPAL,-,2023,S-CROSS [2] GLX ALL GRIP MT 1400CC T 6AB,K14C1366197,TSMYBA2S7PMA32291,8806027,SUZUKI,SUZUKI S-CROSS,CAMIONETAPASAJ,PARTICULAR,HDI-LIBERTY,2025-10-06,0.030961311852704256,86900000,161961560,2690538,2240956.06,-,-,-,-,-,-,-,-,-,-,-,-,-,-,-,,,202510,2025-09-29 07:12:59,,,,,,,,NORMAL,,,,,,0,0
LQZ815,3167475472,202510,1018474082,2025,telefono1,1018474082,Base Falabella Octubre 2025,2025-09-24 00:00:00,M,DANIEL,YESID,ZABALA,MOLINA,DANIEL YESID ZABALA MOLINA,1995-02-07,dyzabala7@outlook.com,25,CUNDINAMARCA,0,CHIA,-,2023,ONIX [2] RS MT 1000CC 5P T,L4F221824012,9BGED48K0PG158678,1601339,CHEVROLET,CHEVROLET ONIX,AUTOMOVIL,PARTICULAR,MAPFRE,2025-10-06,0.03299772213247173,61900000,161808991,2042559,1696436.21,-,-,-,-,-,-,-,-,-,-,-,-,-,-,-,,,202510,2025-09-29 07:12:59,,,,,,,,NORMAL,,,,,,0,0
